<ImportExportXml xmlns:xsi="http://www.w3.org/2001/XMLSchema-instance">
  <Entities></Entities>
  <Roles></Roles>
  <Workflows>
    <Workflow WorkflowId="{e65b9726-1337-ec11-8c64-000d3ab0a0a6}" Name="Scheduled - Get Weather Forecast">
      <JsonFileName>/Workflows/Scheduled-GetWeatherForecast-E65B9726-1337-EC11-8C64-000D3AB0A0A6.json</JsonFileName>
      <Type>1</Type>
      <Subprocess>0</Subprocess>
      <Category>5</Category>
      <Mode>0</Mode>
      <Scope>4</Scope>
      <OnDemand>0</OnDemand>
      <TriggerOnCreate>0</TriggerOnCreate>
      <TriggerOnDelete>0</TriggerOnDelete>
      <AsyncAutodelete>0</AsyncAutodelete>
      <SyncWorkflowLogOnFailure>0</SyncWorkflowLogOnFailure>
      <StateCode>1</StateCode>
      <StatusCode>2</StatusCode>
      <RunAs>1</RunAs>
      <IsTransacted>1</IsTransacted>
      <IntroducedVersion>1.0.0.0</IntroducedVersion>
      <IsCustomizable>1</IsCustomizable>
      <BusinessProcessType>0</BusinessProcessType>
      <IsCustomProcessingStepAllowedForOtherPublishers>1</IsCustomProcessingStepAllowedForOtherPublishers>
      <PrimaryEntity>none</PrimaryEntity>
      <LocalizedNames>
        <LocalizedName languagecode="1033" description="Scheduled - Get Weather Forecast" />
      </LocalizedNames>
    </Workflow>
  </Workflows>
  <FieldSecurityProfiles></FieldSecurityProfiles>
  <Templates />
  <EntityMaps />
  <EntityRelationships />
  <OrganizationSettings />
  <optionsets />
  <CustomControls />
  <EntityDataProviders />
  <CanvasApps>
    <CanvasApp>
      <Name>jeschro_jeschroweatherforecast_86659</Name>
      <AppVersion>2021-10-28T09:32:51Z</AppVersion>
      <Status>Ready</Status>
      <CreatedByClientVersion>3.21103.27.0</CreatedByClientVersion>
      <MinClientVersion>3.21103.27.0</MinClientVersion>
      <Tags>{"primaryDeviceWidth":"640","primaryDeviceHeight":"1136","sienaVersion":"c014a7ac-379f-456a-a3dc-8bf24239ac34","deviceCapabilities":"","supportsPortrait":"true","supportsLandscape":"true","primaryFormFactor":"Phone","publisherVersion":"3.21103.27","minimumRequiredApiVersion":"2.2.0","hasComponent":"false","hasUnlockedComponent":"false","isUnifiedRootApp":"false"}</Tags>
      <IsCdsUpgraded>0</IsCdsUpgraded>
      <GalleryItemId xsi:nil="true"></GalleryItemId>
      <BackgroundColor>RGBA(0,176,240,1)</BackgroundColor>
      <DisplayName>jeschro-WeatherForecast</DisplayName>
      <Description xsi:nil="true"></Description>
      <CommitMessage xsi:nil="true"></CommitMessage>
      <Publisher xsi:nil="true"></Publisher>
      <AuthorizationReferences>[]</AuthorizationReferences>
      <ConnectionReferences>{"63ace085-07d8-4b00-83ba-7b794e857ec0":{"id":"/providers/microsoft.powerapps/apis/shared_jeschro-5fjeschro-2dweather-2dconnector-5f806d6dbeef511cc4","displayName":"jeschro-Weather-Connector","iconUri":"https://az787822.vo.msecnd.net/defaulticons/api-dedicated.png","dataSources":["WeatherConnector"],"dependencies":[],"dependents":[],"parameterHints":{},"parameterHintsV2":{},"isOnPremiseConnection":false,"bypassConsent":false,"dataSets":{},"apiTier":"Standard","actions":["GetWeatherByLocation"],"customApiLogicalName":"jeschro_5Fjeschro-2Dweather-2Dconnector","isCustomApiSolutionAware":true}}</ConnectionReferences>
      <DatabaseReferences>{}</DatabaseReferences>
      <AppComponents>[]</AppComponents>
      <AppComponentDependencies>[]</AppComponentDependencies>
      <CanConsumeAppPass>1</CanConsumeAppPass>
      <CanvasAppType>0</CanvasAppType>
      <BypassConsent>0</BypassConsent>
      <AdminControlBypassConsent>0</AdminControlBypassConsent>
      <EmbeddedApp xsi:nil="true"></EmbeddedApp>
      <IntroducedVersion>1.0</IntroducedVersion>
      <CdsDependencies>{"cdsdependencies":[{"logicalname":"jeschro_5Fjeschro-2Dweather-2Dconnector","componenttype":372,"componenttypeplatformname":"connector"}]}</CdsDependencies>
      <IsCustomizable>1</IsCustomizable>
      <BackgroundImageUri>/CanvasApps/jeschro_jeschroweatherforecast_86659_BackgroundImageUri</BackgroundImageUri>
      <DocumentUri>/CanvasApps/jeschro_jeschroweatherforecast_86659_DocumentUri.msapp</DocumentUri>
    </CanvasApp>
  </CanvasApps>
  <Connectors>
    <Connector>
      <connectorid>7d8626b7-8833-48da-925f-61efb773f774</connectorid>
      <description></description>
      <displayname>jeschro-Weather-Connector</displayname>
      <iconbrandcolor>#007ee5</iconbrandcolor>
      <name>jeschro_5Fjeschro-2Dweather-2Dconnector</name>
      <connectortype>1</connectortype>
      <openapidefinition>/Connector/jeschro_5Fjeschro-2Dweather-2Dconnector_openapidefinition.json</openapidefinition>
      <connectionparameters>/Connector/jeschro_5Fjeschro-2Dweather-2Dconnector_connectionparameters.json</connectionparameters>
      <policytemplateinstances>/Connector/jeschro_5Fjeschro-2Dweather-2Dconnector_policytemplateinstances.json</policytemplateinstances>
      <iconblob>/Connector/jeschro_5Fjeschro-2Dweather-2Dconnector_iconblob.Png</iconblob>
    </Connector>
  </Connectors>
  <connectionreferences>
    <connectionreference connectionreferencelogicalname="jeschro_sharedjeschro5fjeschro2dweather2dconnector5f806d6dbeef511cc4_5591a">
      <connectionreferencedisplayname>jeschro-Weather-Connector JESCHROCustomConnectorLab-5591a</connectionreferencedisplayname>
      <connectorid>/providers/Microsoft.PowerApps/apis/shared_jeschro-5fjeschro-2dweather-2dconnector-5f806d6dbeef511cc4</connectorid>
      <customconnectorid>
        <connectorid>7d8626b7-8833-48da-925f-61efb773f774</connectorid>
      </customconnectorid>
      <iscustomizable>1</iscustomizable>
      <statecode>0</statecode>
      <statuscode>1</statuscode>
    </connectionreference>
    <connectionreference connectionreferencelogicalname="jeschro_sharedoffice365_be258">
      <connectionreferencedisplayname>Office 365 Outlook JESCHROCustomConnectorLab-be258</connectionreferencedisplayname>
      <connectorid>/providers/Microsoft.PowerApps/apis/shared_office365</connectorid>
      <iscustomizable>1</iscustomizable>
      <statecode>0</statecode>
      <statuscode>1</statuscode>
    </connectionreference>
  </connectionreferences>
  <Languages>
    <Language>1033</Language>
  </Languages>
</ImportExportXml>