{"swagger":"2.0","info":{"title":"Default title","description":"","version":"1.0"},"host":"jeschro-customconnectorlab.azurewebsites.net","basePath":"/api","schemes":["https"],"consumes":[],"produces":[],"paths":{"/GetWeather":{"get":{"responses":{"default":{"description":"default","schema":{"type":"object","properties":{"locationName":{"type":"string","description":"locationName"},"forecast":{"type":"string","description":"forecast"}}}}},"summary":"Get weather by location","operationId":"GetWeatherByLocation","parameters":[{"name":"name","in":"query","required":true,"type":"string"}]}}},"definitions":{},"parameters":{},"responses":{},"securityDefinitions":{},"security":[],"tags":[]}