{"properties":{"connectionReferences":{"shared_jeschro-5fjeschro-2dweatherconnector-5f806d6dbeef511cc4":{"runtimeSource":"embedded","connection":{"connectionReferenceLogicalName":"jeschro_sharedjeschro5fjeschro2dweatherconnector5f806d6dbeef511cc4_a41ff"},"api":{"name":"shared_jeschro-5fjeschro-2dweatherconnector-5f806d6dbeef511cc4","logicalName":"jeschro_5Fjeschro-2Dweatherconnector"}},"shared_office365":{"runtimeSource":"embedded","connection":{"connectionReferenceLogicalName":"jeschro_sharedoffice365_be258"},"api":{"name":"shared_office365"}}},"definition":{"$schema":"https://schema.management.azure.com/providers/Microsoft.Logic/schemas/2016-06-01/workflowdefinition.json#","contentVersion":"1.0.0.0","parameters":{"$connections":{"defaultValue":{},"type":"Object"},"$authentication":{"defaultValue":{},"type":"SecureObject"}},"triggers":{"Recurrence":{"recurrence":{"frequency":"Day","interval":1,"startTime":"2021-10-27T05:00:00Z"},"type":"Recurrence"}},"actions":{"Get_weather_by_location":{"runAfter":{},"type":"OpenApiConnection","inputs":{"host":{"connectionName":"shared_jeschro-5fjeschro-2dweatherconnector-5f806d6dbeef511cc4","operationId":"GetWeatherByLocation","apiId":""},"parameters":{"name":"Stavanger"},"authentication":"@parameters('$authentication')"}},"Send_an_email_(V2)":{"runAfter":{"Get_weather_by_location":["Succeeded"]},"type":"OpenApiConnection","inputs":{"host":{"connectionName":"shared_office365","operationId":"SendEmailV2","apiId":"/providers/Microsoft.PowerApps/apis/shared_office365"},"parameters":{"emailMessage/To":"jeschro@microsoft.com","emailMessage/Subject":"Weather forecast for Stavanger : @{outputs('Get_weather_by_location')?['body/forecast']}","emailMessage/Body":"<p>Weather forecast for Stavanger : @{outputs('Get_weather_by_location')?['body/forecast']}</p>"},"authentication":"@parameters('$authentication')"}}}}},"schemaVersion":"1.0.0.0"}